,item,Date,Price,Item,Location,Details
1,"['68330', 'Feb', 'rent']",2024-02-11,68330,Feb,rent,
2,"['770', 'charge']",2024-02-11,770,charge,,
3,"['68330', 'March', 'rent']",2024-02-11,68330,March,rent,
4,"['770', 'charge']",2024-02-11,770,charge,,
5,"['880', 'lunch', 'torisho']",2024-02-11,880,lunch,torisho,
6,"['3580', 'plants', 'rack', 'amazon']",2024-02-11,3580,plants,rack,amazon
7,"['7980', 'air', 'purifier', 'amazon']",2024-02-11,7980,air,purifier,amazon
9,"['750', 'McDonald’s']",2024-02-12,750,McDonald’s,,
10,"['1814', 'groceries', 'top']",2024-02-12,1814,groceries,top,
12,"['283', 'snacks', 'famima']",2024-02-13,283,snacks,famima,
13,"['1900', 'shoes', 'workman']",2024-02-13,1900,shoes,workman,
14,"['540', 'dinner', 'donmaru']",2024-02-13,540,dinner,donmaru,
15,"['300', 'groceries', 'donmaru']",2024-02-13,300,groceries,donmaru,
16,"['200', 'snacks', 'summit']",2024-02-13,200,snacks,summit,
17,"['765', 'groceries', 'summit']",2024-02-13,765,groceries,summit,
19,['Nothing'],2024-02-14,Nothing,,,
21,"['1900', 'shoes', 'workman']",2024-02-15,1900,shoes,workman,
23,"['800', 'Coffee', 'donki']",2024-02-16,800,Coffee,donki,
25,"['3265', 'groceries', 'summit']",2024-02-17,3265,groceries,summit,
27,"['330', 'household', 'can', 'do']",2024-02-18,330,household,can,do
28,"['3051', 'groceries', 'summit']",2024-02-18,3051,groceries,summit,
29,"['875', 'household', 'welpark']",2024-02-18,875,household,welpark,
31,"['4300', 'ear', 'doc', 'Takiguchi']",2024-02-19,4300,ear,doc,Takiguchi
33,"['1086', 'snacks', 'welpark']",2024-02-20,1086,snacks,welpark,
34,"['760', 'meds', 'Aisei']",2024-02-20,760,meds,Aisei,
36,"['328', 'snacks', 'misdo']",2024-02-21,328,snacks,misdo,
38,"['138', 'snack', 'famima']",2024-02-22,138,snack,famima,
39,"['800', 'beans', 'mokajava']",2024-02-22,800,beans,mokajava,
41,"['3387', 'groceries', 'summit']",2024-02-23,3387,groceries,summit,
43,"['1480', 'snacks', 'maruetsu']",2024-02-24,1480,snacks,maruetsu,
44,"['1990', 'hat', 'uniqlo']",2024-02-24,1990,hat,uniqlo,
46,"['3439', 'desklight', 'amazon']",2024-02-25,3439,desklight,amazon,
48,"['1950', 'doc', 'Takiguchi']",2024-02-26,1950,doc,Takiguchi,
49,"['1211', 'groceries', 'summit']",2024-02-26,1211,groceries,summit,
51,"['520', 'lunch', 'torisho']",2024-02-27,520,lunch,torisho,
52,"['68330', 'rent', 'march']",2024-02-27,68330,rent,march,
54,"['540', 'meds', 'rakuten', 'yakkyoku']",2024-02-28,540,meds,rakuten,yakkyoku
55,"['178', 'snacks', 'Lawson']",2024-02-28,178,snacks,Lawson,
56,"['422', 'snacks', 'summit']",2024-02-28,422,snacks,summit,
58,"['840', 'dinner', 'donmaru']",2024-02-29,840,dinner,donmaru,
60,"['470', 'snacks', 'summit']",2024-03-01,470,snacks,summit,
62,"['1140', 'lunch', 'maruetsu']",2024-03-02,1140,lunch,maruetsu,
63,"['260', 'groceries', 'summit']",2024-03-02,260,groceries,summit,
64,"['325', 'snacks', 'summit']",2024-03-02,325,snacks,summit,
66,"['1050', 'ramen', 'musashi']",2024-03-03,1050,ramen,musashi,
67,"['700', '100g', 'beans', 'sugar', 'time', 'coffee']",2024-03-03,700,100g,beans,sugar
68,"['400', 'coffee', 'sugar', 'time', 'coffee']",2024-03-03,400,coffee,sugar,time
69,"['1183', 'groceries', 'summit']",2024-03-03,1183,groceries,summit,
72,"['150', 'snacks', 'crimson', 'store']",2024-03-05,150,snacks,crimson,store
73,"['298', 'snacks', 'famima']",2024-03-05,298,snacks,famima,
75,"['965', 'lunch', 'Todai']",2024-03-06,965,lunch,Todai,
76,"['482', 'snacks', 'welpark']",2024-03-06,482,snacks,welpark,
78,"['Nothing?', 'I', 'think?']",2024-03-07,Nothing?,I,think?,
80,"['1100', ' lunch', ' maruetsu']",2024-03-08,1100, lunch, maruetsu,
81,"['1000', ' social', ' maruetsu']",2024-03-08,1000, social, maruetsu,
82,"['2100', ' dinner', ' gyoza place']",2024-03-08,2100, dinner, gyoza place,
83,"['1600', ' transportation', ' taxi from Noborito']",2024-03-08,1600, transportation, taxi from Noborito,
85,"['3448', ' groceries', ' summit']",2024-03-09,3448, groceries, summit,
86,"['2300', ' groceries', ' summit']",2024-03-09,2300, groceries, summit,
87,"['255', ' snacks', ' summit']",2024-03-09,255, snacks, summit,
89,"['1210', ' coffee supplies', ' amazon']",2024-03-10,1210, coffee supplies, amazon,
91,"['190', ' snacks', ' crimson store']",2024-03-11,190, snacks, crimson store,
93,"['170', ' snacks', ' crimson store']",2024-03-12,170, snacks, crimson store,
95,"['686', ' household', ' welpark']",2024-03-13,686, household, welpark,
96,"['2178', ' household', ' welpark', ' Allergy meds']",2024-03-13,2178, household, welpark, Allergy meds
97,"['2000', ' snacks', ' summit']",2024-03-13,2000, snacks, summit,
98,"['3582', ' groceries', ' summit']",2024-03-13,3582, groceries, summit,
100,"['150', ' snacks', ' crimson store']",2024-03-14,150, snacks, crimson store,
102,"['4100 social', ' Yurakucho', ' dinner with liane aya']",2024-03-15,4100 social, Yurakucho, dinner with liane aya,
103,"['1000', ' social', ' 300yen bar', ' drinks']",2024-03-15,1000, social, 300yen bar, drinks
105,"['1800', ' coffee beans', ' Muto']",2024-03-16,1800, coffee beans, Muto,
106,"['3400', ' haircut', ' chill chair']",2024-03-16,3400, haircut, chill chair,
107,"['5131', ' groceries', ' Asian super']",2024-03-16,5131, groceries, Asian super,
109,"['268133', ' upskilling', ' lonely octopus']",2024-03-17,268133, upskilling, lonely octopus,
111,"['150', ' snacks', ' crimson store']",2024-03-18,150, snacks, crimson store,
112,"['987', ' Hair oil', ' ainz tulpe']",2024-03-18,987, Hair oil, ainz tulpe,
113,"['368', ' Snacks', ' Lawson']",2024-03-18,368, Snacks, Lawson,
115,['Nothing?'],2024-03-19,Nothing?,,,
117,"['400', ' groceries', ' summit']",2024-03-20,400, groceries, summit,
119,"['1430', ' social gift', ' Amazon']",2024-03-21,1430, social gift, Amazon,
121,"['138', ' snacks', ' lawson']",2024-03-22,138, snacks, lawson,
122,"['895', ' groceries', ' summit']",2024-03-22,895, groceries, summit,
124,"['3500', ' snacks', ' summit']",2024-03-23,3500, snacks, summit,
125,"['1013', ' groceries', ' summit']",2024-03-23,1013, groceries, summit,
127,"['1760', ' dinner', ' hamasushi']",2024-03-24,1760, dinner, hamasushi,
129,['Coffee'],2024-03-25,Coffee,,,
130,"['4960', ' clothes', ' uniqlo']",2024-03-25,4960, clothes, uniqlo,
131,"['2910', ' shoes', ' workman']",2024-03-25,2910, shoes, workman,
132,"['2160', ' Social gift', ' Mizonokuchi', ' sembei for mookda-san']",2024-03-25,2160, Social gift, Mizonokuchi, sembei for mookda-san
133,"['1170', ' Social gift', ' summit', ' coffee for prasit-san']",2024-03-25,1170, Social gift, summit, coffee for prasit-san
134,"['800', ' social gift', ' summit', ' sake for prasit-san']",2024-03-25,800, social gift, summit, sake for prasit-san
135,"['684', ' groceries', ' summit']",2024-03-25,684, groceries, summit,
139,"['840', ' dinner', ' donmaru']",2024-03-28,840, dinner, donmaru,
140,"['140', ' mail for hello work', ' post office']",2024-03-28,140, mail for hello work, post office,
142,"['0', ' 0', ' 0']",2024-03-29,0, 0, 0,
144,"['2841', ' groceries', ' summit']",2024-03-30,2841, groceries, summit,
146,"['540', ' dinner', ' donmaru']",2024-03-31,540, dinner, donmaru,
148,"['105', ' snack', ' vending machine']",2024-04-01,105, snack, vending machine,
150,"['309', ' snacks', ' welpark']",2024-04-02,309, snacks, welpark,
151,"['611', ' snacks', ' 7-11']",2024-04-02,611, snacks, 7-11,
153,"['1900', ' social dinner', ' Takashimaya', ' Ray']",2024-04-03,1900, social dinner, Takashimaya, Ray
155,"['306', ' snacks', ' Lawson']",2024-04-04,306, snacks, Lawson,
156,"['4500', ' social dinner', ' sushi sumibi', ' old cc members']",2024-04-04,4500, social dinner, sushi sumibi, old cc members
158,"['307', ' snacks', ' famima mart']",2024-04-05,307, snacks, famima mart,
160,"['0', ' 0', ' 0']",2024-04-06,0, 0, 0,
162,"['3444', ' groceries', ' summit']",2024-04-07,3444, groceries, summit,
163,"['4550', ' social gift', ' post office', ' mookda prasit']",2024-04-07,4550, social gift, post office, mookda prasit
164,"['220', ' household', ' daiso']",2024-04-07,220, household, daiso,
165,"['?', ' Thai trip', ' Agoda']",2024-04-07,?, Thai trip, Agoda,
167,"['750', ' dinner', ' McDonald’s']",2024-04-08,750, dinner, McDonald’s,
170,"['162', ' drink', ' lawson']",2024-04-10,162, drink, lawson,
172,"['1561', ' snacks', ' summit']",2024-04-11,1561, snacks, summit,
173,"['1000', ' groceries', ' summit']",2024-04-11,1000, groceries, summit,
174,"['756', ' dinner', ' kamal']",2024-04-11,756, dinner, kamal,
176,"['1344', ' book', ' amazon', ' outliers']",2024-04-12,1344, book, amazon, outliers
177,"['841', ' coffee supplies', ' amazon']",2024-04-12,841, coffee supplies, amazon,
178,"['610', ' Covid tests', ' amazon']",2024-04-12,610, Covid tests, amazon,
181,"['2493', ' Groceries', ' Asia super store']",2024-04-14,2493, Groceries, Asia super store,
182,"['3520', ' haircut', ' chill']",2024-04-14,3520, haircut, chill,
183,"['1000', ' dinner', ' Aoba', ' ramen']",2024-04-14,1000, dinner, Aoba, ramen
184,"['1200', ' snacks', ' summit']",2024-04-14,1200, snacks, summit,
185,"['1501', ' groceries', ' summit']",2024-04-14,1501, groceries, summit,
186,"['1850', ' coffee beans', ' Muto']",2024-04-14,1850, coffee beans, Muto,
188,"['530', ' dinner', ' summit']",2024-04-15,530, dinner, summit,
190,"['856', ' household', ' crimson store', ' batteries for mouse']",2024-04-16,856, household, crimson store, batteries for mouse
191,"['150', ' snacks', ' Lawson']",2024-04-16,150, snacks, Lawson,
192,"['2085', ' household', ' welpark']",2024-04-16,2085, household, welpark,
193,"['200', ' snacks', ' 7-11']",2024-04-16,200, snacks, 7-11,
195,"['173', ' snacks', ' famima']",2024-04-17,173, snacks, famima,
196,"['1546', ' groceries', ' summit']",2024-04-17,1546, groceries, summit,
197,"['110', ' household', ' cando', ' plastic bags']",2024-04-17,110, household, cando, plastic bags
199,"['0', '0', '0']",2024-04-18,0,0,0,
201,"['160', ' snacks', ' family mart']",2024-04-19,160, snacks, family mart,
203,"['0', '0', '0']",2024-04-20,0,0,0,
205,"['2200', ' frying pan', ' amazon']",2024-04-21,2200, frying pan, amazon,
206,"['268', ' groceries', ' welpark']",2024-04-21,268, groceries, welpark,
207,"['1701', ' household', ' welpark']",2024-04-21,1701, household, welpark,
208,"['423', ' household', ' cocokara']",2024-04-21,423, household, cocokara,
210,"['2142', ' social gift', ' Tokyu', ' last day']",2024-04-22,2142, social gift, Tokyu, last day
211,"['230', ' drinks', ' famima']",2024-04-22,230, drinks, famima,
212,"['17000', ' social stuff', ' Harry Potter']",2024-04-22,17000, social stuff, Harry Potter,
213,"['2200', ' social stuff', ' yayoi kusama']",2024-04-22,2200, social stuff, yayoi kusama,
215,"['332', ' groceries', ' welpark']",2024-04-23,332, groceries, welpark,
216,"['3140', ' dinner', ' torisetsu']",2024-04-23,3140, dinner, torisetsu,
217,"['213', ' groceries', ' summit']",2024-04-23,213, groceries, summit,
219,"['2250', ' lunch', ' Sushiro']",2024-04-24,2250, lunch, Sushiro,
220,"['850', ' dinner', ' Chinese place']",2024-04-24,850, dinner, Chinese place,
221,"['309', ' groceries', ' summit']",2024-04-24,309, groceries, summit,
222,"['3500', ' lunch', ' Harry Potter']",2024-04-24,3500, lunch, Harry Potter,
224,"['1800', ' social lunch', ' Takasaki', ' Sukaya udon']",2024-04-25,1800, social lunch, Takasaki, Sukaya udon
225,"['3587', ' social dinner', ' Kusatsu']",2024-04-25,3587, social dinner, Kusatsu,
227,"['68330', ' rent', ' May 2024']",2024-04-26,68330, rent, May 2024,
228,"['324', ' social gift', ' Karuizawa', ' beer']",2024-04-26,324, social gift, Karuizawa, beer
229,"['1111', ' coffee beans', ' Maruyama']",2024-04-26,1111, coffee beans, Maruyama,
230,"['1404', ' social coffee', ' Maruyama']",2024-04-26,1404, social coffee, Maruyama,
231,"['3914', ' social dinner', ' glamping']",2024-04-26,3914, social dinner, glamping,
232,"['4730', ' social lunch', ' kawakamian']",2024-04-26,4730, social lunch, kawakamian,
233,"['1120', ' social snacks', ' apple pie lab']",2024-04-26,1120, social snacks, apple pie lab,
234,"['22000', ' glamping', ' akatsuki village']",2024-04-26,22000, glamping, akatsuki village,
235,"['500', ' toll road', ' Karuizawa']",2024-04-26,500, toll road, Karuizawa,
237,"['200', ' omikuji', ' temple']",2024-04-27,200, omikuji, temple,
238,"['200', ' incense', ' temple']",2024-04-27,200, incense, temple,
239,"['2006', ' gas', ' Apollo']",2024-04-27,2006, gas, Apollo,
240,"['1000', ' snacks', ' Ikaho']",2024-04-27,1000, snacks, Ikaho,
241,"['300', ' parking', ' Ikaho']",2024-04-27,300, parking, Ikaho,
242,"['4074', ' groceries', ' summit']",2024-04-27,4074, groceries, summit,
244,"['220', ' household', ' daiso']",2024-04-28,220, household, daiso,
245,"['2350', ' dinner', ' fukumuroan']",2024-04-28,2350, dinner, fukumuroan,
246,"['1100', ' coffee beans', ' iron coffee']",2024-04-28,1100, coffee beans, iron coffee,
247,"['3200', ' parfaits', ' shishido']",2024-04-28,3200, parfaits, shishido,
248,"['549', ' household', ' amazon']",2024-04-28,549, household, amazon,
250,"['980', ' drinks', ' Kosugi']",2024-04-29,980, drinks, Kosugi,
251,"['330', ' plant', ' 3 coins']",2024-04-29,330, plant, 3 coins,
252,"['880', ' household', ' 3 coins', ' neck cooler']",2024-04-29,880, household, 3 coins, neck cooler
253,"['471', ' household', ' Seijo', ' toothpaste']",2024-04-29,471, household, Seijo, toothpaste
254,"['2050', ' dinner', ' abura']",2024-04-29,2050, dinner, abura,
255,"['396', ' coffee supplies', ' kitchen store']",2024-04-29,396, coffee supplies, kitchen store,
256,"['494', ' groceries', ' summit']",2024-04-29,494, groceries, summit,
258,"['110', ' household', ' daiso', ' lightbulb']",2024-04-30,110, household, daiso, lightbulb
259,"['3640', ' protein', ' Don Quijote']",2024-04-30,3640, protein, Don Quijote,
260,"['1000', ' household', ' water jug']",2024-04-30,1000, household, water jug,
261,"['1000', ' groceries', ' summit']",2024-04-30,1000, groceries, summit,
262,"['329', ' snacks', ' summit']",2024-04-30,329, snacks, summit,
263,"['440', ' household', ' daiso', ' rice bowls']",2024-04-30,440, household, daiso, rice bowls
264,"['1430', ' personal care', ' welpark', ' masks']",2024-04-30,1430, personal care, welpark, masks
266,"['2761', ' snack', ' Futaba fruits parlor', ' parfait and pancake']",2024-05-01,2761, snack, Futaba fruits parlor, parfait and pancake
267,"['1900', ' lunch', ' Takahashi', ' ramen']",2024-05-01,1900, lunch, Takahashi, ramen
269,"['15290', ' lunch', ' Kimoto']",2024-05-02,15290, lunch, Kimoto,
270,"['1600', ' coffee', ' Kagurazaka']",2024-05-02,1600, coffee, Kagurazaka,
271,"['5900', ' dinner', ' Shibuya', ' bakamusuko']",2024-05-02,5900, dinner, Shibuya, bakamusuko
272,"['2500', ' drinks', ' Shibuya', ' Oslo']",2024-05-02,2500, drinks, Shibuya, Oslo
273,"['7900', ' drinks', ' Ebisu', ' Janai']",2024-05-02,7900, drinks, Ebisu, Janai
275,"['1445', ' groceries', ' summit']",2024-05-03,1445, groceries, summit,
276,"['1500', ' coffee beans', ' homeward']",2024-05-03,1500, coffee beans, homeward,
277,"['162', ' drink', ' famima']",2024-05-03,162, drink, famima,
278,"['409', ' drinks', ' summit']",2024-05-03,409, drinks, summit,
280,"['3570', ' clothes', ' Uniqlo']",2024-05-04,3570, clothes, Uniqlo,
281,"['1000', ' Matsuri food', ' Fuchu']",2024-05-04,1000, Matsuri food, Fuchu,
283,"['315', ' groceries', ' summit']",2024-05-05,315, groceries, summit,
284,"['196', ' snack', ' summit']",2024-05-05,196, snack, summit,
286,"['3850', ' social lunch', ' Erick south', ' sandeep']",2024-05-06,3850, social lunch, Erick south, sandeep
287,"['278', ' dinner', ' summit']",2024-05-06,278, dinner, summit,
289,"['550', ' lunch', ' torisho']",2024-05-07,550, lunch, torisho,
290,"['814', ' groceries', ' summit']",2024-05-07,814, groceries, summit,
291,"['371', ' snacks', ' family mart']",2024-05-07,371, snacks, family mart,
293,"['203', ' groceries', ' 7-11']",2024-05-08,203, groceries, 7-11,
294,"['224', ' groceries', ' welpark']",2024-05-08,224, groceries, welpark,
296,"['180', ' snack', ' McDonald’s']",2024-05-09,180, snack, McDonald’s,
297,"['950', ' dinner', ' McDonald’s']",2024-05-09,950, dinner, McDonald’s,
298,"['375', ' snack', ' welpark']",2024-05-09,375, snack, welpark,
300,"['1210', ' groceries', ' summit']",2024-05-10,1210, groceries, summit,
301,"['980', ' dinner', ' endomon', ' ramen']",2024-05-10,980, dinner, endomon, ramen
303,"['298', ' snack', ' family mart']",2024-05-11,298, snack, family mart,
304,"['864', ' dinner', ' kebab']",2024-05-11,864, dinner, kebab,
306,"['1400', ' lunch', ' Hidaka']",2024-05-12,1400, lunch, Hidaka,
307,"['159', ' snack', ' 7-11']",2024-05-12,159, snack, 7-11,
308,"['730', ' dinner', ' Sukiya']",2024-05-12,730, dinner, Sukiya,
309,"['530', ' onsen', ' Shukugawara']",2024-05-12,530, onsen, Shukugawara,
310,"['913', ' snacks', ' summit']",2024-05-12,913, snacks, summit,
312,"['540', ' lunch', ' donmaru']",2024-05-13,540, lunch, donmaru,
313,"['300', ' groceries', ' donmaru']",2024-05-13,300, groceries, donmaru,
314,"['1034', ' groceries', ' summit']",2024-05-13,1034, groceries, summit,
315,"['2618', ' water bill', ' 7-11']",2024-05-13,2618, water bill, 7-11,
317,"['580', ' dinner', ' torisho']",2024-05-14,580, dinner, torisho,
319,"['950', ' lunch', ' toushoumen']",2024-05-15,950, lunch, toushoumen,
321,"['780', ' lunch', ' Matsuya']",2024-05-16,780, lunch, Matsuya,
322,"['5070', ' clothes', ' uniqlo']",2024-05-16,5070, clothes, uniqlo,
323,"['880', ' dinner', ' morry']",2024-05-16,880, dinner, morry,
324,"['313', ' snacks', ' mister donut']",2024-05-16,313, snacks, mister donut,
326,"['780', ' dinner', ' okamuraya', ' ramen']",2024-05-17,780, dinner, okamuraya, ramen
327,"['1200', ' sauna', ' Komae-yu']",2024-05-17,1200, sauna, Komae-yu,
328,"['2000', ' coffee beans', ' Naruto']",2024-05-17,2000, coffee beans, Naruto,
329,"['373', ' snacks', ' summit']",2024-05-17,373, snacks, summit,
330,"['179', ' drinks', ' family mart']",2024-05-17,179, drinks, family mart,
331,"['60??', ' rent late fee']",2024-05-17,60??, rent late fee,,
333,"['580', ' lunch', ' torisho']",2024-05-18,580, lunch, torisho,
334,"['530', ' snacks', ' doutour']",2024-05-18,530, snacks, doutour,
335,"['3980', ' massage', ' riracle']",2024-05-18,3980, massage, riracle,
336,"['599', ' snacks', ' summit']",2024-05-18,599, snacks, summit,
338,"['602', ' groceries', ' summit']",2024-05-19,602, groceries, summit,
340,"['990', ' plant supplies', ' can do', ' pallets']",2024-05-20,990, plant supplies, can do, pallets
341,"['1308', ' groceries', ' summit']",2024-05-20,1308, groceries, summit,
342,"['1168', ' snacks', ' summit']",2024-05-20,1168, snacks, summit,
344,"['700', ' lunch', ' yoshinoya']",2024-05-21,700, lunch, yoshinoya,
345,"['130', ' water', ' Narita']",2024-05-21,130, water, Narita,
346,"['$7.30USD', ' dinner', ' Noi Bai Airport']",2024-05-21,$7.30USD, dinner, Noi Bai Airport,
348,"['11.00 USD', ' coffee beans', ' Noi bai airport']",2024-05-22,11.00 USD, coffee beans, Noi bai airport,
349,"['8.00 USD', ' coffee supplies', ' Noi bai airport']",2024-05-22,8.00 USD, coffee supplies, Noi bai airport,
350,"['2.00 USD', ' water', ' Noi bai airport']",2024-05-22,2.00 USD, water, Noi bai airport,
351,"['8.00', ' gift', ' noi bai airport', ' instant coffee']",2024-05-22,8.00, gift, noi bai airport, instant coffee
352,"['5.50 USD', ' gift', ' Starbucks', ' tiny mug']",2024-05-22,5.50 USD, gift, Starbucks, tiny mug
353,"['13.20 USD', ' breakfast', ' Noi bai airport', ' coffee and banh mi']",2024-05-22,13.20 USD, breakfast, Noi bai airport, coffee and banh mi
354,"['11.30 USD', ' lunch']",2024-05-22,11.30 USD, lunch,,
355,"['210', '000 VND', ' Coffee gift', ' Noi bai airport']",2024-05-22,210,000 VND, Coffee gift, Noi bai airport
356,"['5.10 USD', ' dinner?', ' noi bai airport']",2024-05-22,5.10 USD, dinner?, noi bai airport,
357,"['280 THB', ' dinner', ' Burger King']",2024-05-22,280 THB, dinner, Burger King,
358,"['5/23', 'THB']",2024-05-22,5/23,THB,,
359,"['90', ' breakfast', ' duck']",2024-05-22,90, breakfast, duck,
360,"['180', ' groceries', ' 7-11']",2024-05-22,180, groceries, 7-11,
361,"['60', ' lunch', ' noodles']",2024-05-22,60, lunch, noodles,
362,"['22', ' snacks', ' 7-11', ' bread']",2024-05-22,22, snacks, 7-11, bread
363,"['4403', ' hotel reservation for 6/1-6/3', ' park plaza']",2024-05-22,4403, hotel reservation for 6/1-6/3, park plaza,
365,"['350', ' SIM card', ' AIS']",2024-05-24,350, SIM card, AIS,
366,"['615', ' Dinner', ' Yung nuey']",2024-05-24,615, Dinner, Yung nuey,
367,"['300', ' clothes', ' seacon', ' elephant set']",2024-05-24,300, clothes, seacon, elephant set
368,"['129', ' clothes', ' seacon', ' slides']",2024-05-24,129, clothes, seacon, slides
369,"['30', ' transportation', ' bang khae', ' bus']",2024-05-24,30, transportation, bang khae, bus
371,"['75', ' cafe study', ' amazon']",2024-05-25,75, cafe study, amazon,
372,"['2400?', ' groceries', ' lotus']",2024-05-25,2400?, groceries, lotus,
373,"['300', ' dinner', ' food villa']",2024-05-25,300, dinner, food villa,
375,"['383', ' lunch', ' don wai']",2024-05-26,383, lunch, don wai,
376,"['500', ' snacks', ' don wai']",2024-05-26,500, snacks, don wai,
378,"['300', ' dinner', ' market']",2024-05-27,300, dinner, market,
380,"['220', ' groceries', ' lemon farm']",2024-05-28,220, groceries, lemon farm,
381,"['65', ' lunch', ' market']",2024-05-28,65, lunch, market,
383,"['940', ' mail', ' Thai post']",2024-05-29,940, mail, Thai post,
384,"['200', ' coffee beans', ' emsphere', ' 100g']",2024-05-29,200, coffee beans, emsphere, 100g
385,"['190', ' coffee beans', ' titicaca']",2024-05-29,190, coffee beans, titicaca,
386,"['195', ' coffee beans', ' harudot', ' 200g']",2024-05-29,195, coffee beans, harudot, 200g
387,"['676', ' dinner', ' seacon']",2024-05-29,676, dinner, seacon,
388,"['129', ' sandals', ' miniso']",2024-05-29,129, sandals, miniso,
389,"['66', ' groceries', ' 7-11']",2024-05-29,66, groceries, 7-11,
391,"['50', ' water', ' 7-11']",2024-05-30,50, water, 7-11,
392,"['60', ' breakfast', ' across the street']",2024-05-30,60, breakfast, across the street,
393,"['60', ' lunch', ' Saenee']",2024-05-30,60, lunch, Saenee,
394,"['50', ' water', ' 7-11', ' 2nd one of the day']",2024-05-30,50, water, 7-11, 2nd one of the day
395,"['7', ' snacks', ' 7-11', ' bread']",2024-05-30,7, snacks, 7-11, bread
396,"['15', ' bus', ' to Saenee']",2024-05-30,15, bus, to Saenee,
397,"['75', ' cafe time', ' amazon']",2024-05-30,75, cafe time, amazon,
399,"['80', ' lunch', ' gapao']",2024-05-31,80, lunch, gapao,
400,"['75', ' coffee', ' 3rd house']",2024-05-31,75, coffee, 3rd house,
401,"['200', ' dinner', ' tarm sang']",2024-05-31,200, dinner, tarm sang,
403,"['130', ' lunch', ' tarm sang']",2024-06-01,130, lunch, tarm sang,
404,['Dinner…?'],2024-06-01,Dinner…?,,,
406,"['270', ' coffee', ' artis']",2024-06-02,270, coffee, artis,
407,"['1200', ' massage', ' healthland']",2024-06-02,1200, massage, healthland,
408,"['100', ' lunch', ' terminal 21']",2024-06-02,100, lunch, terminal 21,
410,"['180', ' coffee', ' graydient']",2024-06-03,180, coffee, graydient,
411,"['420', ' coffee', ' cum coffee']",2024-06-03,420, coffee, cum coffee,
413,"['205', ' groceries', ' tops']",2024-06-04,205, groceries, tops,
415,"['0', '0', '0']",2024-06-05,0,0,0,
417,"['50', ' snacks', ' market']",2024-06-06,50, snacks, market,
418,"['70', ' lunch', ' song kaiton']",2024-06-06,70, lunch, song kaiton,
420,"['40', ' breakfast', ' Sai song']",2024-06-07,40, breakfast, Sai song,
421,"['20', ' snacks', ' tops']",2024-06-07,20, snacks, tops,
422,"['150', ' lunch', ' central']",2024-06-07,150, lunch, central,
423,"['139', ' drink', ' the mall']",2024-06-07,139, drink, the mall,
425,"['577', ' skincare', ' boots']",2024-06-08,577, skincare, boots,
426,"['2500', ' doctors appt', ' hospital']",2024-06-08,2500, doctors appt, hospital,
427,"['1350', ' teeth cleaning', ' dentist']",2024-06-08,1350, teeth cleaning, dentist,
428,"['400', ' dinner', ' Sai tai market']",2024-06-08,400, dinner, Sai tai market,
430,"['200', ' snacks', ' line man']",2024-06-09,200, snacks, line man,
431,"['200', ' lunch', ' line man']",2024-06-09,200, lunch, line man,
432,"['200', ' dinner', ' line man']",2024-06-09,200, dinner, line man,
434,"['200', ' lunch', ' line man', ' Khamu']",2024-06-10,200, lunch, line man, Khamu
436,"['699', ' dinner', ' Neua tair']",2024-06-11,699, dinner, Neua tair,
438,"['850', ' gifts', ' Suvarnabhumi']",2024-06-12,850, gifts, Suvarnabhumi,
439,"['300', ' dinner', ' McDonald’s']",2024-06-12,300, dinner, McDonald’s,
440,"['220', ' massage tip', ' health land']",2024-06-12,220, massage tip, health land,
441,"['120', ' highway toll', ' highway']",2024-06-12,120, highway toll, highway,
443,['JPY'],2024-06-13,JPY,,,
444,"['1400', ' Coffee beans', ' ribot']",2024-06-13,1400, Coffee beans, ribot,
445,"['580', ' dinner', ' torisho']",2024-06-13,580, dinner, torisho,
446,"['2184', ' groceries', ' summit']",2024-06-13,2184, groceries, summit,
448,"['3250', ' haircut', ' chill']",2024-06-14,3250, haircut, chill,
449,"['400', ' cafe study', ' doutour', ' shinokubo']",2024-06-14,400, cafe study, doutour, shinokubo
450,"['3250', ' social dinner', ' nene chicken']",2024-06-14,3250, social dinner, nene chicken,
452,"['1854', ' household', ' welpark']",2024-06-15,1854, household, welpark,
453,"['2936', ' groceries', ' summit']",2024-06-15,2936, groceries, summit,
455,"['3850', ' skincare', ' welpark', ' elixir']",2024-06-16,3850, skincare, welpark, elixir
456,"['1275', ' gifts', ' cocokara', ' for makyu']",2024-06-16,1275, gifts, cocokara, for makyu
457,"['4392', ' skincare', ' welpark']",2024-06-16,4392, skincare, welpark,
458,"['540', ' cafe time', ' doutour']",2024-06-16,540, cafe time, doutour,
459,"['1995', ' gifts', ' famima', ' umbrella']",2024-06-16,1995, gifts, famima, umbrella
461,"['816', ' groceries', ' summit']",2024-06-17,816, groceries, summit,
462,"['3134', ' hdmi stuff', ' Amazon']",2024-06-17,3134, hdmi stuff, Amazon,
463,"['3599', ' laptop sleeve', ' Amazon']",2024-06-17,3599, laptop sleeve, Amazon,
465,"['663', ' groceries', ' summit']",2024-06-18,663, groceries, summit,
466,"['2200', ' ship gifts', ' jp post']",2024-06-18,2200, ship gifts, jp post,
468,"['1639', ' social lunch', ' msb']",2024-06-19,1639, social lunch, msb,
469,"['200', ' household?', ' 7-11', ' glue']",2024-06-19,200, household?, 7-11, glue
470,"['235', ' snacks', ' 7-11', ' energy juice']",2024-06-19,235, snacks, 7-11, energy juice
472,"['1312', ' groceries', ' summit']",2024-06-20,1312, groceries, summit,
473,"['200', ' snacks', ' summit', ' tiramisu']",2024-06-20,200, snacks, summit, tiramisu
474,"['1030', ' groceries', ' cando']",2024-06-20,1030, groceries, cando,
475,"['600', ' work stuff', ' amazon', ' hdmi cord']",2024-06-20,600, work stuff, amazon, hdmi cord
476,"['690', ' lunch', ' torisho']",2024-06-20,690, lunch, torisho,
478,"['325', ' snacks', ' famima']",2024-06-21,325, snacks, famima,
479,"['540', ' lunch', ' donmaru']",2024-06-21,540, lunch, donmaru,
480,"['1426', ' snacks', ' summit']",2024-06-21,1426, snacks, summit,
482,"['2138', ' groceries', ' welpark', ' rice']",2024-06-22,2138, groceries, welpark, rice
483,"['2220', ' massage', ' riracle']",2024-06-22,2220, massage, riracle,
484,"['540', ' cafe time', ' doutour']",2024-06-22,540, cafe time, doutour,
486,"['2300', ' social dinner', ' kanmuryo', ' with Ryan Sarah']",2024-06-23,2300, social dinner, kanmuryo, with Ryan Sarah
488,"['450', ' lunch', ' summit']",2024-06-24,450, lunch, summit,
489,"['206', ' groceries', ' summit']",2024-06-24,206, groceries, summit,
491,"['470', ' groceries', ' 7-11']",2024-06-25,470, groceries, 7-11,
492,"['2631', ' groceries', ' summit']",2024-06-25,2631, groceries, summit,
494,"['1090', ' lunch', ' yakiniku like']",2024-06-26,1090, lunch, yakiniku like,
496,"['100', ' drink', ' vending']",2024-06-27,100, drink, vending,
497,"['850', ' dinner', ' sharin', ' ramen']",2024-06-27,850, dinner, sharin, ramen
499,"['510', ' dinner', ' donmaru']",2024-06-28,510, dinner, donmaru,
501,"['3990', ' groceries', ' summit']",2024-06-29,3990, groceries, summit,
502,"['1094', ' household', ' cando']",2024-06-29,1094, household, cando,
503,"['341', ' snacks', ' 7-11']",2024-06-29,341, snacks, 7-11,
504,"['1202', ' plant supplies', ' amazon']",2024-06-29,1202, plant supplies, amazon,
505,"['915', ' groceries', ' summit', ' breakfast food']",2024-06-29,915, groceries, summit, breakfast food
507,"['226', ' running sustenance', ' 7-11', ' gel']",2024-06-30,226, running sustenance, 7-11, gel
508,"['1990', ' shorts', ' uniqlo']",2024-06-30,1990, shorts, uniqlo,
509,"['14900', ' shoes', ' step sports', ' invincible run 3']",2024-06-30,14900, shoes, step sports, invincible run 3
510,"['415', ' household', ' welpark', ' mold goods']",2024-06-30,415, household, welpark, mold goods
511,"['751', ' groceries', ' summit']",2024-06-30,751, groceries, summit,
513,"['110', ' drink', ' vending']",2024-07-01,110, drink, vending,
514,"['313', ' snacks', ' famima']",2024-07-01,313, snacks, famima,
515,"['950', ' dinner', ' soba']",2024-07-01,950, dinner, soba,
516,"['687', ' household', ' welpark', ' toilet paper']",2024-07-01,687, household, welpark, toilet paper
519,"['1000', ' lunch', ' summit']",2024-07-03,1000, lunch, summit,
520,"['1879', ' groceries', ' summit']",2024-07-03,1879, groceries, summit,
521,"['2270', ' doctor', ' Tama clinic']",2024-07-03,2270, doctor, Tama clinic,
522,"['1000', ' dinner', ' endomon']",2024-07-03,1000, dinner, endomon,
523,"['960', ' cold meds', ' drugstore']",2024-07-03,960, cold meds, drugstore,
524,"['1706', ' snacks', ' welpark']",2024-07-03,1706, snacks, welpark,
527,"['650', ' coffee beans', ' life']",2024-07-05,650, coffee beans, life,
528,"['155', ' snacks', ' life']",2024-07-05,155, snacks, life,
529,"['1000', ' lunch', ' morichuka', ' ramen']",2024-07-05,1000, lunch, morichuka, ramen
531,"['850', ' lunch', ' abura', ' ramen']",2024-07-06,850, lunch, abura, ramen
532,"['2500', ' dinner', ' toriki']",2024-07-06,2500, dinner, toriki,
533,"['300', ' hydration', ' conbini']",2024-07-06,300, hydration, conbini,
534,"['5970', ' clothes', ' uniqlo']",2024-07-06,5970, clothes, uniqlo,
535,"['2500', ' dinner', ' torikizoku']",2024-07-06,2500, dinner, torikizoku,
536,"['8000', ' entertainment', ' ocean peoples']",2024-07-06,8000, entertainment, ocean peoples,
538,"['2280', ' groceries', ' summit']",2024-07-07,2280, groceries, summit,
539,"['150', ' hydration', ' vending']",2024-07-07,150, hydration, vending,
540,"['105', ' hydration', ' cocokara']",2024-07-07,105, hydration, cocokara,
541,"['1210', ' skincare', ' cocokara', ' sunscreen vit c']",2024-07-07,1210, skincare, cocokara, sunscreen vit c
543,"['1298', ' groceries', ' summit']",2024-07-08,1298, groceries, summit,
544,"['492', ' household', ' cocokara', ' bodywash']",2024-07-08,492, household, cocokara, bodywash
546,"['6800', ' electrical appliance', ' r-1', ' fan']",2024-07-09,6800, electrical appliance, r-1, fan
547,"['1949', ' snacks', ' summit']",2024-07-09,1949, snacks, summit,
549,"['1500', ' lunch', ' stunts', ' srilankan curry']",2024-07-10,1500, lunch, stunts, srilankan curry
550,"['890', ' dinner', ' sharin', ' ramen']",2024-07-10,890, dinner, sharin, ramen
552,"['2421', ' groceries', ' summit']",2024-07-11,2421, groceries, summit,
554,"['990', ' lunch', ' sharin', ' ramen']",2024-07-12,990, lunch, sharin, ramen
555,"['890', ' dinner', ' abura', ' ramen']",2024-07-12,890, dinner, abura, ramen
557,"['416', ' groceries', ' summit']",2024-07-13,416, groceries, summit,
558,"['1000', ' snacks', ' summit']",2024-07-13,1000, snacks, summit,
559,"['590', ' doc', ' Tama clinic']",2024-07-13,590, doc, Tama clinic,
562,"['1700', ' lunch', ' homeward']",2024-07-15,1700, lunch, homeward,
563,"['2239', ' snacks', ' gyomu super']",2024-07-15,2239, snacks, gyomu super,
565,"['990', ' lunch', ' sharin', ' ramen']",2024-07-16,990, lunch, sharin, ramen
566,"['990', ' dinner', ' sharin', ' ramen']",2024-07-16,990, dinner, sharin, ramen
568,"['645', ' lunch', ' summit']",2024-07-17,645, lunch, summit,
569,"['800', ' dinner', ' Hidakaya']",2024-07-17,800, dinner, Hidakaya,
571,"['510', ' dinner', ' donmaru']",2024-07-18,510, dinner, donmaru,
572,"['580', ' lunch', ' torisho']",2024-07-18,580, lunch, torisho,
574,"['850', ' lunch', ' kouka hanten']",2024-07-19,850, lunch, kouka hanten,
575,"['417', ' snacks', ' welpark']",2024-07-19,417, snacks, welpark,
576,"['1000', ' dinner', ' summit']",2024-07-19,1000, dinner, summit,
577,"['1112', ' snacks', ' summit']",2024-07-19,1112, snacks, summit,
579,"['2720', ' doc', ' Tama clinic']",2024-07-20,2720, doc, Tama clinic,
580,"['645', ' lunch', ' summit']",2024-07-20,645, lunch, summit,
582,"['1661', ' dinner', ' shack shack']",2024-07-21,1661, dinner, shack shack,
583,"['7000', ' social lunch', ' dream door', ' yokohama bbq']",2024-07-21,7000, social lunch, dream door, yokohama bbq
585,"['1300', ' dinner', ' Taiwanese place']",2024-07-22,1300, dinner, Taiwanese place,
586,"['795', ' snacks', ' welpark']",2024-07-22,795, snacks, welpark,
588,"['700', ' lunch', ' McDonald’s']",2024-07-23,700, lunch, McDonald’s,
589,"['10310', ' hospital', ' Tama shiritsu']",2024-07-23,10310, hospital, Tama shiritsu,
591,"['640', ' snacks', ' summit']",2024-07-24,640, snacks, summit,
592,"['530', ' social drink', ' Starbucks']",2024-07-24,530, social drink, Starbucks,
594,"['500', ' lunch', ' summit']",2024-07-25,500, lunch, summit,
595,"['459', ' groceries', ' summit']",2024-07-25,459, groceries, summit,
596,"['2595', ' groceries', ' gyomu super']",2024-07-25,2595, groceries, gyomu super,
598,"['4000', ' social dinner', ' tres hermanos']",2024-07-26,4000, social dinner, tres hermanos,
599,"['600', ' social snacks', ' what the dickens']",2024-07-26,600, social snacks, what the dickens,
600,"['700', ' taxi', ' to Ebisu']",2024-07-26,700, taxi, to Ebisu,
602,['Nothing!'],2024-07-27,Nothing!,,,
